,corrected,word,sum(cts)
0,with,"iwth, wiht, with, witth, wth, wtih",3462
1,defect,"defct, defect",2336
2,no,no,2268
3,and,and,2018
4,infiltrate,"infiiltrate, infilatrate, infilitrate, infilltrate, infiltarte, infiltrat, infiltrate, infiltratre, infitlrate, infitrate, inflitrate, infltrate, iniltrate",1897
5,epi,epi,1884
6,stromal,stromal,1667
7,of,of,1574
8,in,in,1547
9,haze,haze,1447
10,edema,edema,1347
11,mm,mm,1234
12,thinning,"thininng, thinning, thinnng",1082
13,diffuse,"dffiuse, diffuse, diffusse",1081
14,central,"cenetral, central, cetnral",1049
16,corneal,corneal,988
17,to,to,972
18,inferior,"infeirior, inferior, inferoir, nferior",891
19,at,at,788
20,mild,"mild, milld",768
21,area,area,756
22,spk,spk,734
23,place,place,716
24,epithelial,"epitehelial, epithelial, epithelilal, epitjhelial",672
25,nv,nv,668
26,graft,graft,639
27,scar,scar,638
28,sutures,sutures,615
29,inferiorly,"infeirorly, inferiorly, inferiorlyl",602
30,centrally,"ccentrally, centrally, centreally",599
31,pkp,pkp,592
32,anterior,"anteior, anteiror, anterior",589
33,overlying,"ovelrying, overlying, overyling, overylying",589
34,clear,"clear, cleatr",581
35,cornea,cornea,574
36,surrounding,"surounding, surreounding, surronding, surrouding, surroudning, surrounding, surrounging",562
37,punctate,punctate,516
39,bcl,bcl,502
40,superior,"suerior, superior, superiro",488
42,kp,kp,478
43,superficial,"superficial, superifical, superificial",477
44,intact,"intace, intacs, intact",452
45,vessels,vessels,444
46,small,"smal, small, smll",436
47,the,the,407
48,nasal,"nasal, nassal",398
49,staining,"staining, stainning",392
50,superiorly,"superioly, superiorly",384
51,nasally,"nasally, nasaslly",375
53,pee,pee,351
54,ulcer,"ucler, ulcer",348
55,neovascularization,neovascularization,328
56,irregular,irregular,327
57,epithelium,"epitheilum, epitheliam, epithelium, epithlium",315
58,but,but,315
59,glue,glue,306
60,stain,stain,306
61,temporal,"temporal, temproal",299
62,trace,trace,297
63,few,few,297
64,limbus,limbus,293
65,axis,"axis, vaxis",293
66,peripheral,"periopheral, peripheral",288
67,folds,folds,285
68,temporally,temporally,283
69,suture,suture,281
70,scarring,scarring,265
71,visual,visual,265
72,from,from,261
73,dense,dense,248
74,infiltrates,"infiltrates, infitlrates, iniltrates",247
75,deep,deep,242
76,seidel,seidel,239
77,pannus,pannus,231
78,negative,"negativ, negative",227
79,extending,extending,225
80,paracentral,"paracentral, paracentreal",225
81,endothelial,"endothelial, endothleial, endothlial, enothelial",219
82,ghj,ghj,217
83,plaque,"plaqu, plaque",211
84,areas,areas,211
85,underlying,underlying,207
86,is,is,206
87,on,on,205
88,opacity,"opacitiy, opacitty, opacity, opatcity",200
89,stable,stable,196
90,band,band,191
91,appears,appears,180
92,over,over,179
94,large,"large, larged",177
95,some,some,174
96,scattered,scattered,172
97,inflammation,"inflamation, inflammation",163
98,opacification,"opacificatiion, opacification",162
99,endo,endo,159
100,healed,healed,157
101,or,or,152
102,keratitis,keratitis,152
103,inf,inf,149
104,stroma,stroma,147
105,less,less,146
106,remaining,remaining,146
107,without,without,142
108,measuring,"measureing, measuring, meausring, mesasuring",142
109,loose,loose,141
110,thin,thin,139
111,kpro,kpro,138
112,into,into,137
113,pigment,pigment,134
114,significant,"significan, significant, significat",129
115,ring,ring,125
116,active,active,123
117,edge,edge,122
118,very,"tvery, very",122
119,improved,improved,121
120,defects,defects,120
121,most,most,120
122,resolved,resolved,120
123,keratoplasty,keratoplasty,118
124,surface,"srface, surface",118
125,not,not,118
126,flap,flap,117
127,tr,tr,115
128,crossing,crossing,113
129,fluorescein,"flourescein, fluorescein, fluoroscein, fluorscein, fluorsecein, fluroescein",113
131,inferonasal,inferonasal,112
132,approx,approx,112
133,inferonasally,inferonasally,112
134,fine,fine,110
135,prominent,"prominant, prominent",110
136,just,just,109
137,wbc,wbc,108
138,near,near,107
139,one,one,106
140,minimal,"minimal, minmal, minmial",105
141,penetrating,penetrating,105
142,round,round,104
143,tear,tear,104
144,about,"about, aobut",102
145,all,all,101
146,diffusely,diffusely,101
147,inferotemporally,inferotemporally,100
148,paracentrally,paracentrally,100
149,bullae,bullae,99
150,pooling,pooling,98
151,iris,iris,98
152,peripherally,peripherally,97
153,scars,scars,97
154,slightly,slightly,97
155,frank,frank,95
156,pk,pk,95
157,attached,attached,95
158,inferotemporal,inferotemporal,94
159,linear,linear,93
160,host,host,93
161,be,be,92
162,focal,focal,91
163,around,around,90
164,white,"white, whtie",90
165,slight,slight,90
166,periphery,periphery,90
167,irregularity,"irregularity, irrgularity",90
168,faint,faint,89
169,visible,visible,89
170,vascularization,"ascularization, vascularization",88
171,moderate,moderate,88
172,now,now,87
173,endothelium,endothelium,86
174,epidefect,epidefect,82
175,exposed,exposed,82
176,center,center,81
177,membrane,membrane,81
178,edges,edges,81
179,superotemporal,"superotemporal, supertemporal",81
180,debris,"debri, debris",80
181,hypopyon,"hyopyon, hypopion, hypopyon",80
183,subepi,subepi,79
184,dsaek,dsaek,78
185,film,film,78
186,more,more,78
187,diameter,diameter,78
188,by,by,77
189,hazy,hazy,77
190,nylon,nylon,77
191,consolidating,consolidating,76
192,subepithelial,"subeoithelial, subepithelial, subepithelieal, supepithelial",74
193,superonasal,superonasal,74
194,circular,circular,73
195,size,size,73
196,pinpoint,"pinpiont, pinpoint, pintpoint",73
197,mce,"mce, me",71
198,smaller,smaller,71
199,throughout,"tgroughout, throughout, througout",70
200,cells,cells,70
201,centered,centered,70
202,than,"tahn, than",69
203,present,present,69
204,patchy,patchy,69
205,guttae,guttae,68
206,has,has,68
207,lasik,lasik,68
208,previous,"previous, prevous",67
209,along,along,67
210,borders,borders,67
211,edematous,"edemadous, edematous, edemtaous",66
212,multiple,"multiple, multople",66
213,old,old,66
214,sterile,sterile,65
215,rk,rk,64
216,two,two,64
217,as,as,63
218,interface,"interfac, interface",62
219,ant,ant,62
220,circumferential,circumferential,61
221,lens,lens,61
222,interrupted,"interrupted, interrupteds",61
223,good,good,61
224,keratopathy,keratopathy,60
225,amg,amg,60
226,buried,buried,60
227,perforation,"perforation, performation",59
228,well,well,57
229,view,view,57
230,up,up,57
231,inflammatory,inflammatory,56
232,adjacent,adjacent,55
233,arcus,arcus,54
234,deposits,"depositis, deposits",54
235,dusting,dusting,53
236,improving,improving,53
237,position,position,53
238,associated,"associated, assoicated",53
239,obvious,obvious,53
240,consolidated,consolidated,52
241,oclock,oclock,52
242,patch,patch,52
243,early,early,51
244,degrees,degrees,51
245,posterior,posterior,51
246,which,which,50
247,within,"wihin, within",50
248,nearly,nearly,50
249,larger,larger,50
250,lesion,lesion,50
251,horizontal,horizontal,50
252,incision,"incision, incisional",50
253,broken,broken,49
254,neovasc,neovasc,49
255,much,much,48
256,still,still,48
257,half,half,48
258,confluent,confluent,48
259,blood,blood,47
260,limbal,limbal,47
261,neo,neo,46
262,heaped,heaped,46
263,superonasally,superonasally,45
264,mostly,mostly,45
265,appearance,appearance,45
266,see,see,45
267,healing,healing,45
268,site,site,44
269,rare,rare,44
270,removed,removed,44
271,shaped,shaped,44
272,it,it,44
273,mucous,mucous,43
274,dendrite,dendrite,43
275,endopigment,endopigment,43
276,under,under,43
277,resolving,resolving,43
278,difficult,"diffcult, difficult, difficutl",43
279,there,there,43
280,decreased,"decreased, decreasedc",42
281,clearing,clearing,42
282,thickness,thickness,42
283,basement,basement,42
284,abrasion,abrasion,42
285,prior,prior,41
286,previously,previously,41
287,tissue,"fissue, tissue",41
288,vs,vs,41
289,descemet,descemet,41
290,dystrophy,dystrophy,40
291,increased,increased,40
292,this,this,40
293,opacities,opacities,40
294,necrotic,necrotic,40
295,residual,residual,40
296,complete,complete,40
297,approximately,approximately,39
298,for,for,39
299,vascularized,vascularized,39
300,today,today,39
301,abmd,abmd,39
302,thickening,thickening,39
303,appear,appear,39
304,thickened,thickened,39
305,running,running,38
306,same,same,38
307,touch,touch,38
308,new,new,38
309,opacified,opacified,38
310,opaque,opaque,38
311,multifocal,multifocal,38
312,striae,striae,38
313,clock,clock,37
314,wound,wound,37
315,guttata,guttata,37
316,circumferentally,"circumferentally, circumferentially",36
317,adhesion,adhesion,36
318,vertical,"vertical, verticall",36
319,covering,covering,36
320,almost,almost,36
321,lipid,lipid,36
322,microcystic,"microcysic, microcystic",36
323,infiltration,"infiiltration, infiltration",35
324,looks,looks,35
325,that,that,35
326,loss,loss,35
327,full,full,35
328,several,"severa, several",34
329,cell,cell,34
330,are,are,34
331,feathery,feathery,34
332,only,only,33
333,temp,temp,33
334,tm,tm,33
335,pigmented,pigmented,33
336,like,like,32
337,limited,limited,32
338,roughly,roughly,32
339,total,total,32
340,toward,toward,31
341,superotemporally,superotemporally,31
342,fluffy,fluffy,31
343,contact,contact,31
344,vert,vert,31
345,extensive,extensive,31
346,erosions,erosions,31
347,elevation,elevation,31
348,horiz,horiz,31
349,pattern,pattern,31
350,where,where,30
351,palisades,palisades,30
352,elevated,elevated,30
353,interpalpebral,interpalpebral,29
354,biopsy,biopsy,29
355,outside,"outisde, outside",29
356,pterygium,pterygium,29
357,measures,measures,29
358,noted,noted,29
359,especially,especially,29
360,dsek,dsek,29
361,exam,exam,28
362,involving,"involving, invovling",28
363,through,through,28
364,above,above,28
365,lines,lines,28
366,likely,"likely, likley",28
367,vxh,vxh,27
368,defined,defined,27
369,completely,completely,27
370,remains,remains,27
371,perineuritis,perineuritis,26
372,dendrites,dendrites,26
373,ectasia,"ectascia, ectasia",26
374,formation,formation,26
375,sup,"sup, supf",26
376,last,last,26
377,border,border,26
378,conjunctivalization,conjunctivalization,26
379,filaments,filaments,26
380,have,have,25
381,was,was,25
382,break,break,25
383,mid,mid,25
384,ac,ac,25
385,micropannus,micropannus,25
386,greatest,"greastest, greatest",25
387,thinned,"thinned, thinnined",25
388,reaction,reaction,24
389,out,out,24
390,horizontally,"horizonatally, horizonitally, horizontally",24
391,line,line,24
392,ulceration,ulceration,24
393,onto,onto,24
394,discrete,discrete,24
395,satellite,"satelite, satellite, sattelite",24
396,an,an,24
397,none,none,24
398,otherwise,otherwise,23
399,inferocentral,inferocentral,23
400,coarse,coarse,23
401,dlk,dlk,23
402,time,time,23
403,amount,amount,23
404,heme,heme,23
405,surrounded,surrounded,23
406,height,height,23
407,uptake,uptake,23
408,fading,fading,23
409,sig,sig,23
410,extension,extension,23
411,below,below,22
412,other,other,22
413,crystalline,crystalline,22
414,rolled,rolled,22
415,margins,margins,22
416,thinnest,thinnest,22
417,three,three,22
418,irreg,irreg,22
419,positive,positive,22
420,drawing,drawing,22
421,tiny,tiny,22
422,approaches,approaches,22
423,dm,dm,21
424,dendritiform,"dendritiform, dendritiiform",21
425,definite,"definit, definite",21
426,gone,gone,21
427,involvement,involvement,21
428,mucus,mucus,21
429,bleb,bleb,20
430,ik,ik,20
432,forward,forward,19
433,extends,extends,19
434,wbcs,wbcs,19
435,compared,compared,19
436,spots,spots,19
437,thick,thick,19
438,lesions,lesions,19
439,tarsorrhaphy,"tarsorraphy, tarsorrhaphy, tasorrhaphy",19
440,dalk,dalk,19
441,sensation,sensation,19
442,starting,starting,19
443,between,between,19
444,similar,similar,19
445,margin,margin,18
446,better,better,18
447,lamellar,lamellar,18
448,sl,sl,18
449,vertically,vertically,18
450,vogts,"vogt, vogts",18
451,sparing,sparing,18
452,keratinization,keratinization,18
453,pas,pas,18
454,crystal,crystal,18
455,oval,oval,18
456,approaching,approaching,18
457,mildly,mildly,18
458,against,against,17
459,marginal,marginal,17
460,deeper,deeper,17
461,portion,portion,17
462,vascular,vascular,17
463,dendritic,"dendritic, dendritis",17
464,sn,sn,17
465,iron,iron,17
466,grade,grade,17
467,stress,stress,17
468,worse,worse,17
469,flat,flat,17
470,measure,measure,16
471,precipitates,precipitates,16
472,changes,changes,16
473,raised,raised,16
474,consolidation,consolidation,16
475,cut,cut,16
476,compact,compact,16
477,seen,seen,16
478,junction,junction,16
479,also,also,16
480,appearing,appearing,16
481,descemetocele,descemetocele,16
482,glued,glued,16
483,lenticule,lenticule,16
484,deposition,deposition,16
485,sei,sei,15
486,unable,unable,15
487,keratic,keratic,15
488,longer,longer,15
489,scleral,scleral,15
490,steep,steep,15
491,granular,granular,15
492,whitish,whitish,15
493,given,given,15
494,severe,severe,15
495,sites,sites,15
496,single,single,15
497,low,low,15
498,quadrant,quadrant,15
499,fragments,"fragements, fragments",15
500,radial,radial,15
501,underneath,underneath,15
502,zone,zone,15
503,cl,cl,15
504,entire,entire,14
505,width,width,14
506,fb,fb,14
507,elsewhere,elsewhere,14
508,across,across,14
509,neg,neg,14
510,neurotrophic,neurotrophic,14
511,tectonic,tectonic,14
512,epith,epith,14
513,normal,normal,14
514,main,main,14
515,formed,formed,14
516,each,each,14
517,assess,assess,14
518,overall,overall,14
519,shape,shape,14
520,bulging,bulging,14
521,dissolved,dissolved,14
522,culture,culture,14
523,uvea,uvea,14
524,detachment,"detachemnt, detachment",14
525,focally,focally,13
526,increase,increase,13
527,bandage,bandage,13
528,possible,possible,13
529,fibrin,fibrin,13
530,ridge,ridge,13
531,aspect,aspect,13
532,inflamed,"inflamed, inflammed",13
533,material,material,13
534,markedly,markedly,13
535,failed,failed,13
536,though,though,13
537,depression,depression,13
538,locations,"locations, locatoins",13
539,extent,extent,13
540,crescent,"crescent, cresscent",13
541,located,located,13
542,dfs,dfs,13
543,light,light,13
544,lash,lash,13
545,prokera,prokera,12
546,bit,bit,12
547,filament,"filament, filmanet",12
548,bulge,"bulge, bulte",12
549,fl,fl,12
550,flattened,flattened,12
551,involves,involves,12
552,subtle,subtle,12
553,whorled,whorled,12
554,desmetocele,"desmatocel, desmetocele",12
555,vessel,vessel,12
556,ou,ou,12
557,retroprosthetic,retroprosthetic,12
558,closed,closed,12
559,fully,fully,12
560,epitheliopathy,epitheliopathy,12
561,macro,macro,12
562,perilimbal,perilimbal,12
563,plug,plug,12
564,length,length,12
565,prose,prose,12
566,inactive,inactive,12
567,posteriorly,posteriorly,12
568,diagonal,"diagnoal, diagonal",12
569,high,high,12
570,covered,covered,12
571,tracks,tracks,12
572,emanating,"emanating, emenating, eminating",12
573,midperiphery,midperiphery,12
574,many,many,11
575,evidence,evidence,11
576,optic,optic,11
577,poor,poor,11
578,calcific,"calcific, calicific",11
579,ing,ing,11
580,divot,divot,11
581,blending,blending,11
582,delle,delle,11
583,largely,largely,11
584,gap,gap,11
585,does,does,11
586,patient,patient,11
587,slit,slit,11
588,mmh,mmh,11
589,bed,bed,11
590,maximal,maximal,11
591,gluing,gluing,11
592,yesterday,yesterday,11
593,chamber,chamber,11
594,keratomalacia,keratomalacia,11
595,former,former,11
596,shallow,shallow,11
597,gh,gh,11
598,fit,fit,11
599,pupillary,pupillary,11
600,abutting,abutting,11
601,tars,tars,11
602,moderately,moderately,11
603,versus,versus,11
604,retrocorneal,retrocorneal,11
605,taken,taken,11
606,concave,concave,11
607,epithelialized,epithelialized,11
608,after,after,11
609,its,its,10
610,allowing,allowing,10
611,loosening,loosening,10
612,infilt,"infil, infilt",10
613,circumscribed,circumscribed,10
614,engorged,engorged,10
615,dilated,dilated,10
616,relatively,relatively,10
617,knv,knv,10
618,including,including,10
619,before,before,10
620,beginning,beginning,10
621,pig,pig,10
622,dellen,dellen,10
623,sequestration,sequestration,10
624,inplace,inplace,10
625,smooth,smooth,10
626,dimension,"dimension, dimention",10
627,microphthalmia,"microophthalmia, microphthalmia",10
628,sxs,sxs,10
629,assd,assd,10
630,distinct,distinct,10
631,leak,leak,10
632,eye,eye,10
633,protruding,protruding,10
634,appreciable,appreciable,10
635,original,original,10
636,transplant,transplant,10
637,encroaching,encroaching,10
638,left,left,10
639,resolution,resolution,10
640,pupil,pupil,10
641,protrusion,protrusion,9
642,visit,visit,9
643,region,region,9
644,seems,seems,9
645,lift,lift,9
646,uveal,uveal,9
647,prominently,prominently,9
648,cannot,cannot,9
649,prolapsed,prolapsed,9
650,lamp,lamp,9
651,rim,rim,9
652,mucoid,mucoid,9
653,ectatic,ectatic,9
654,somewhat,somewhat,9
655,layers,layers,9
656,nodule,nodule,9
657,apex,"apex, appx",9
658,longest,longest,9
659,forming,forming,9
660,kps,kps,9
661,override,override,9
662,cone,cone,9
663,partially,partially,9
664,conjunctiva,conjunctiva,9
665,medial,medial,9
666,additional,additional,9
667,thinner,thinner,9
668,largest,largest,9
669,recurrent,recurrent,8
670,next,next,8
671,radially,radially,8
672,kontur,kontur,8
673,lower,lower,8
674,coming,coming,8
675,point,point,8
676,intrastromal,intrastromal,8
677,ocular,ocular,8
678,infranasal,infranasal,8
679,dmf,dmf,8
680,coalescing,coalescing,8
681,injection,injection,8
682,pressure,pressure,8
683,keratoprosthesis,keratoprosthesis,8
684,clearer,clearer,8
685,past,past,8
686,may,may,8
687,pericentral,pericentral,8
688,pic,pic,8
689,pinguecula,pinguecula,8
690,patches,patches,8
691,remnants,remnants,8
692,lid,lid,8
693,body,body,8
694,sub,sub,8
695,fresh,fresh,8
696,spindle,spindle,8
697,due,due,8
698,geographic,geographic,8
699,tight,tight,8
700,towards,towards,8
701,side,side,8
702,stomal,stomal,8
703,extra,extra,8
704,seis,seis,8
705,exposure,exposure,8
706,end,end,8
707,window,window,8
708,foreign,foreign,8
709,bscl,bscl,8
710,bows,bows,8
711,branching,branching,8
712,if,if,7
713,pees,pees,7
714,then,then,7
715,ghost,ghost,7
716,consistent,consistent,7
717,wounds,wounds,7
718,inferomedial,inferomedial,7
719,contour,"contour, kontour",7
720,perilimbally,perilimbally,7
721,photos,photos,7
722,signs,signs,7
723,absent,absent,7
724,bowing,bowing,7
725,levels,levels,7
726,supparative,"supparative, supprative, suppurative",7
727,corresponding,"coresponding, corresponding",7
728,density,density,7
729,notably,notably,7
730,cysts,cysts,7
731,clinically,clinically,7
732,arc,arc,7
733,substantial,substantial,7
734,depth,depth,7
735,stellate,stellate,7
736,ointment,ointment,7
737,strands,strands,7
738,clustered,clustered,7
739,opening,opening,7
740,fell,fell,7
741,decentered,decentered,7
742,wide,wide,7
743,cellular,cellular,7
744,extend,extend,7
745,visualize,visualize,7
746,ends,ends,7
747,extremely,"extremely, extrememly",7
748,upper,upper,7
749,lateral,lateral,7
750,marked,marked,7
751,except,except,7
752,poorly,poorly,7
753,rust,rust,7
754,fairly,fairly,7
756,hour,hour,7
757,infection,infection,7
758,both,both,7
759,whorl,whorl,6
760,enlarged,enlarged,6
761,leading,leading,6
762,submm,submm,6
763,layer,layer,6
764,leash,leash,6
765,hxv,"hsv, hxv",6
766,deg,deg,6
767,nodules,nodules,6
768,crystals,crystals,6
769,cuts,cuts,6
770,triangular,triangular,6
771,any,any,6
772,another,another,6
773,rgp,rgp,6
774,adherent,adherent,6
775,fainter,fainter,6
776,lkp,lkp,6
777,abnormal,abnormal,6
778,medium,medium,6
779,ulcerations,ulcerations,6
780,refractile,refractile,6
781,reactive,reactive,6
782,based,based,6
783,been,been,6
784,chronic,chronic,6
785,inferioronasally,inferioronasally,6
786,down,down,6
787,clump,clump,6
788,plugged,plugged,6
789,plugging,plugging,6
790,dot,dot,6
791,behind,behind,6
792,sensitive,sensitive,6
793,incorporated,incorporated,6
794,semicircular,semicircular,6
795,incisions,incisions,6
796,growth,growth,6
797,beyond,beyond,6
798,second,second,6
799,dimensions,"dimensions, dimenstions",6
800,can,can,6
801,immediately,immediately,6
802,pronounced,pronounced,6
803,quiet,quiet,6
804,horseshoe,horseshoe,6
805,rapid,rapid,6
806,sized,sized,6
807,sharp,sharp,6
808,general,general,6
809,st,st,6
810,snail,snail,6
811,avascular,avascular,6
812,part,part,6
813,cloudy,cloudy,6
814,clouding,clouding,6
815,base,base,6
816,fro,fro,6
817,scarred,scarred,5
818,scant,scant,5
819,cross,cross,5
820,whitening,whitening,5
821,what,what,5
822,subei,subei,5
823,sclerocornea,sclerocornea,5
824,scaring,scaring,5
825,obscured,obscured,5
826,confluence,confluence,5
827,widest,widest,5
828,spot,spot,5
829,closing,closing,5
830,bullous,bullous,5
831,repair,repair,5
832,worst,worst,5
833,quite,quite,5
834,remnant,remnant,5
835,relative,relative,5
836,rejection,rejection,5
837,attempts,attempts,5
838,obliquely,obliquely,5
839,pannuse,pannuse,5
840,caught,caught,5
841,possibly,possibly,5
842,although,although,5
843,perf,perf,5
844,conjunctivalized,conjunctivalized,5
845,since,since,5
846,barely,barely,5
847,totally,totally,5
848,mod,mod,5
849,tangenitally,"tangenitally, tangentially",5
850,nodular,nodular,5
851,pin,pin,5
852,shield,"sheild, shield",5
853,surround,surround,5
854,coverage,coverage,5
855,plus,plus,5
856,notable,notable,5
857,spee,spee,5
858,saltzmann,saltzmann,5
859,supertemporally,supertemporally,5
860,update,update,5
861,numerous,numerous,5
862,senilus,senilus,5
863,appreciate,appreciate,5
864,conj,conj,5
865,stippling,stippling,5
866,lattice,lattice,5
867,deposit,deposit,5
868,filled,filled,5
869,diagram,diagram,5
870,holes,holes,5
871,greatly,greatly,5
872,documented,documented,5
873,gutter,gutter,5
874,degree,degree,5
875,furrow,furrow,5
876,leakage,leakage,5
877,donor,donor,5
878,immune,immune,5
879,having,having,5
880,haziness,haziness,5
881,hyphema,hyphema,5
882,decrease,decrease,5
883,decreasing,decreasing,5
884,knot,knot,5
885,knots,knots,5
886,least,least,5
887,irregularities,irregularities,5
888,examination,examination,5
889,erosion,erosion,5
890,leukocytes,leukocytes,5
891,desc,desc,5
892,even,even,5
893,jx,jx,5
894,infnasal,infnasal,5
895,generalized,generalized,5
896,infiltrative,"infiltraive, infiltrative",5
897,described,described,5
898,flatter,flatter,5
899,hole,hole,5
900,displaced,displaced,5
901,drainage,drainage,5
902,fibrovascular,fibrovascular,5
903,heart,heart,4
904,connected,connected,4
905,bubble,bubble,4
906,bubbles,bubbles,4
907,regressed,regressed,4
908,bilobed,bilobed,4
909,rough,rough,4
910,roughened,roughened,4
911,rpm,rpm,4
912,moving,moving,4
913,dseak,dseak,4
914,reflex,reflex,4
915,contracted,contracted,4
916,overhang,overhang,4
917,greater,greater,4
918,sharply,sharply,4
919,ghosted,ghosted,4
920,beat,beat,4
921,midway,midway,4
922,bare,bare,4
923,here,here,4
924,regressing,regressing,4
925,recruitment,recruitment,4
926,coalesced,coalesced,4
927,infranasally,infranasally,4
928,portable,portable,4
929,did,did,4
930,pinpt,pinpt,4
931,coating,coating,4
932,pictured,pictured,4
933,periph,periph,4
934,predominantly,predominantly,4
935,interpalpebrally,interpalpebrally,4
936,pmns,pmns,4
937,detached,detached,4
938,infiltratete,"infiltratel, infiltratete",4
939,para,para,4
940,ovoid,ovoid,4
941,post,post,4
942,improvement,improvement,4
943,demarcated,demarcated,4
944,bulla,bulla,4
945,nerves,nerves,4
946,island,island,4
947,irregularly,irregularly,4
948,denser,denser,4
949,densest,densest,4
950,concentrated,concentrated,4
951,however,however,4
952,improve,improve,4
953,pulsations,pulsations,4
954,component,component,4
955,pseudopodial,pseudopodial,4
956,pseudo,pseudo,4
957,prosthetic,prosthetic,4
958,oblique,oblique,4
959,bank,bank,4
960,keratectasia,keratectasia,4
961,test,test,4
962,lots,lots,4
963,acruate,"acruate, arcuate",4
964,supernasal,supernasal,4
965,oflox,oflox,4
966,swirled,"swirled, sworled",4
967,swollen,swollen,4
968,deferred,deferred,4
969,anteriorly,anteriorly,4
970,angle,angle,4
971,spared,spared,4
972,thining,thining,4
973,filling,filling,4
974,adjoining,adjoining,4
975,top,top,4
976,ed,ed,4
977,trichiatic,trichiatic,4
978,ulcers,ulcers,4
979,localized,localized,4
980,unclear,unclear,4
981,lobe,lobe,4
982,unexposed,unexposed,4
983,mdf,mdf,4
984,visualized,visualized,4
985,curvilinear,curvilinear,4
986,cystic,cystic,4
987,fleischer,fleischer,4
988,esp,esp,4
989,maybe,maybe,4
990,infracentral,infracentral,4
991,melt,melt,4
992,spreading,spreading,4
993,friday,friday,4
994,microcysts,microcysts,4
995,away,away,4
996,stains,stains,4
997,attachment,attachment,4
998,meniscus,meniscus,4
999,chemosis,chemosis,3
1000,infero,infero,3
1001,pm,pm,3
1002,becoming,becoming,3
1003,indistinct,indistinct,3
1004,indented,indented,3
1005,diffused,diffused,3
1006,satellites,satellites,3
1007,staph,staph,3
1008,ball,ball,3
1009,precipitate,precipitate,3
1010,triple,triple,3
1011,cand,cand,3
1012,granulomatous,granulomatous,3
1013,fat,fat,3
1014,primarily,primarily,3
1015,impeding,impeding,3
1016,tract,tract,3
1017,ulcerated,ulcerated,3
1018,eyelash,eyelash,3
1019,abut,abut,3
1020,week,week,3
1021,er,er,3
1022,slow,slow,3
1023,sloughed,sloughed,3
1024,whorling,"whirling, whorling",3
1025,particularly,particularly,3
1026,sliver,sliver,3
1027,exams,exams,3
1028,haabs,haabs,3
1029,inferotemproal,inferotemproal,3
1030,pek,pek,3
1031,exudation,exudation,3
1032,perforated,perforated,3
1033,performed,performed,3
1034,pericentrally,pericentrally,3
1035,circle,circle,3
1036,ciloxan,ciloxan,3
1037,slazmanns,slazmanns,3
1038,persistent,persistent,3
1039,mmx,mmx,3
1040,photo,photo,3
1041,track,track,3
1042,setting,setting,3
1043,discharge,discharge,3
1044,structures,structures,3
1045,assessment,assessment,3
1046,hinge,hinge,3
1047,ecatatic,ecatatic,3
1048,swelling,swelling,3
1049,flattening,flattening,3
1050,supranasally,supranasally,3
1051,build,build,3
1052,removal,removal,3
1053,superotermporal,superotermporal,3
1054,heaping,heaping,3
1055,safety,safety,3
1056,haab,haab,3
1057,bite,bite,3
1058,retained,retained,3
1059,disruption,disruption,3
1060,blink,blink,3
1061,folded,folded,3
1062,subepithelium,subepithelium,3
1063,focus,focus,3
1064,fold,"dfold, fold",3
1065,flare,flare,3
1066,recently,recently,3
1067,rtbut,rtbut,3
1068,strip,strip,3
1069,too,too,3
1070,together,together,3
1071,pt,pt,3
1072,tip,"qtip, tip",3
1073,hypertrophy,hypertrophy,3
1074,fibrinous,fibrinous,3
1075,purulent,purulent,3
1076,questionable,questionable,3
1077,third,third,3
1078,stippled,stippled,3
1079,dislodged,dislodged,3
1080,stitch,stitch,3
1081,grossly,grossly,3
1082,tension,tension,3
1083,temptotally,temptotally,3
1084,rxn,rxn,3
1085,tears,tears,3
1086,rb,rb,3
1087,reaching,reaching,3
1088,som,som,3
1089,lg,lg,3
1090,lifting,lifting,3
1091,corner,corner,3
1092,movement,movement,3
1093,leaking,leaking,3
1094,originating,originating,3
1095,interiorly,"ineriorly, interiorly",3
1096,lowlying,lowlying,3
1097,min,min,3
1098,max,max,3
1099,limits,limits,3
1100,move,move,3
1101,look,look,3
1102,marks,marks,3
1103,minimally,minimally,3
1104,continues,continues,3
1105,metallic,metallic,3
1106,open,open,3
1107,contracting,contracting,3
1108,conjunctival,conjunctival,3
1109,little,little,3
1110,maximum,maximum,3
1111,name,name,3
1112,lowest,lowest,3
1113,outlines,outlines,3
1114,mainly,mainly,3
1115,continued,continued,3
1116,deposited,deposited,3
1117,medially,medially,3
1118,mutton,mutton,3
1119,course,course,3
1120,microstriae,microstriae,3
1121,interfaces,interfaces,3
1122,addition,addition,2
1123,either,either,2
1124,fibrosis,fibrosis,2
1125,allow,allow,2
1126,remainder,remainder,2
1127,cloudly,cloudly,2
1128,finer,finer,2
1129,times,times,2
1130,resembles,resembles,2
1131,ti,ti,2
1132,ahead,ahead,2
1133,removing,removing,2
1134,microcornea,microcornea,2
1135,resting,resting,2
1136,laterally,laterally,2
1137,resembling,resembling,2
1138,requiring,requiring,2
1139,layered,layered,2
1140,loosen,loosen,2
1141,red,red,2
1142,necrosis,necrosis,2
1143,concern,concern,2
1144,type,type,2
1145,nothing,nothing,2
1146,iridocorneal,iridocorneal,2
1147,put,put,2
1148,note,note,2
1149,abrasions,abrasions,2
1150,question,question,2
1151,disintegrating,disintegrating,2
1152,horz,horz,2
1153,truncated,truncated,2
1154,dispersed,dispersed,2
1155,radiating,radiating,2
1156,irritation,irritation,2
1157,refused,refused,2
1158,bulbs,bulbs,2
1159,rather,rather,2
1160,long,long,2
1161,triangle,triangle,2
1162,translucent,translucent,2
1163,recent,recent,2
1164,wessely,wessely,2
1165,broad,broad,2
1166,jxn,jxn,2
1167,reduced,reduced,2
1168,reduction,reduction,2
1169,crosses,crosses,2
1170,heal,heal,2
1171,distribution,distribution,2
1172,amniotic,amniotic,2
1173,microvascular,microvascular,2
1174,supratemporally,supratemporally,2
1175,supratemporal,supratemporal,2
1176,inner,inner,2
1177,flecktenules,flecktenules,2
1178,supplying,supplying,2
1179,significantly,significantly,2
1180,appreciated,appreciated,2
1181,ks,ks,2
1182,fluor,fluor,2
1183,gently,gently,2
1184,midstromal,midstromal,2
1185,slt,slt,2
1186,foci,foci,2
1187,rose,rose,2
1188,measurement,measurement,2
1189,subconjunctival,subconjunctival,2
1190,bands,bands,2
1191,couple,couple,2
1192,spks,spks,2
1193,speculum,speculum,2
1194,forceps,forceps,2
1195,ecce,ecce,2
1196,cotton,cotton,2
1197,squeezing,squeezing,2
1198,fragment,fragment,2
1199,back,back,2
1200,behaves,behaves,2
1201,sever,sever,2
1202,mixture,mixture,2
1203,apical,apical,2
1204,rotated,rotated,2
1205,brawny,brawny,2
1206,terminal,terminal,2
1207,consider,consider,2
1208,ruptured,ruptured,2
1209,anophthalmia,"anophthalmia, anophthalmic",2
1210,dehiscence,dehiscence,2
1211,pulling,pulling,2
1212,fissure,fissure,2
1213,make,make,2
1214,deffect,deffect,2
1215,bland,bland,2
1216,moved,moved,2
1217,scleritis,scleritis,2
1218,do,do,2
1219,guttering,guttering,2
1220,secondary,secondary,2
1221,tall,tall,2
1222,map,map,2
1223,tail,tail,2
1224,big,big,2
1225,bengal,bengal,2
1226,lake,lake,2
1227,semilunar,semilunar,2
1228,mobile,mobile,2
1229,leaks,leaks,2
1230,micro,micro,2
1231,fallen,fallen,2
1232,triesence,triesence,2
1233,organized,organized,2
1234,pointing,pointing,2
1235,points,points,2
1236,external,external,2
1237,description,description,2
1238,off,off,2
1239,partial,partial,2
1240,exudate,exudate,2
1241,ce,ce,2
1242,keratization,keratization,2
1243,incarceration,incarceration,2
1244,vascularity,vascularity,2
1245,lids,lids,2
1246,cataract,cataract,2
1247,close,close,2
1248,descemets,descemets,2
1249,vasculariation,vasculariation,2
1250,level,level,2
1251,wrinkles,wrinkles,2
1252,intervening,intervening,2
1253,inferotmeporal,inferotmeporal,2
1254,infectious,infectious,2
1255,endoth,endoth,2
1256,wetting,wetting,2
1257,coalescence,coalescence,2
1258,inferiotemporal,inferiotemporal,2
1259,picture,picture,2
1260,diagonally,diagonally,2
1261,coalescent,coalescent,2
1262,ip,ip,2
1263,volume,volume,2
1264,determine,determine,2
1265,ptery,ptery,2
1266,vitreous,vitreous,2
1267,slet,slet,2
1268,cheesewired,cheesewired,2
1269,change,change,2
1270,whorls,whorls,2
1271,eversion,eversion,2
1272,inferionasally,inferionasally,2
1273,details,details,2
1274,wrinkling,wrinkling,2
1275,vasc,vasc,2
1276,unsure,unsure,2
1277,injected,injected,2
1278,unchanged,unchanged,2
1279,overling,overling,2
1280,ovaloid,ovaloid,2
1281,depressed,depressed,2
1282,overlaying,overlaying,2
1283,able,able,2
1284,proparacaine,proparacaine,2
1285,complex,complex,2
1286,nummular,nummular,2
1287,local,local,2
1288,epitheliazed,epitheliazed,2
1289,locally,locally,2
1290,promeninet,promeninet,2
1291,image,image,2
1292,eyelid,eyelid,2
1293,intrastromally,intrastromally,2
1295,obscuring,obscuring,2
1296,colored,colored,2
1297,upside,upside,2
1298,apparent,apparent,1
1299,found,found,1
1300,lacy,lacy,1
1301,applanated,applanated,1
1302,suptemp,suptemp,1
1303,evaluation,evaluation,1
1304,will,will,1
1305,supranasal,supranasal,1
1306,evident,evident,1
1307,equal,equal,1
1308,zipping,zipping,1
1309,day,day,1
1310,dyed,dyed,1
1311,sutured,sutured,1
1312,anymore,anymore,1
1313,franke,franke,1
1314,swath,swath,1
1315,decr,decr,1
1316,covers,covers,1
1317,whirled,whirled,1
1318,metal,metal,1
1319,swirling,swirling,1
1320,creamy,creamy,1
1321,laik,laik,1
1322,meridians,meridians,1
1323,steroid,steroid,1
1324,df,df,1
1325,attaching,attaching,1
1326,lifted,lifted,1
1327,yag,yag,1
1328,withing,withing,1
1329,fluorescen,fluorescen,1
1330,edemaouts,edemaouts,1
1331,irr,irr,1
1332,assoc,assoc,1
1333,essentially,essentially,1
1334,khodadoust,khodadoust,1
1335,measing,measing,1
1336,brocken,brocken,1
1337,stripe,stripe,1
1339,measured,measured,1
1340,khoudadoust,khoudadoust,1
1341,bsk,bsk,1
1342,streak,streak,1
1343,arms,arms,1
1344,emr,emr,1
1345,counted,counted,1
1346,could,could,1
1347,flour,flour,1
1348,applicator,applicator,1
1349,fornix,fornix,1
1350,melting,melting,1
1351,yest,yest,1
1352,laceration,laceration,1
1353,wiped,wiped,1
1354,superotemp,superotemp,1
1355,wisp,wisp,1
1356,edena,edena,1
1357,wit,wit,1
1358,strand,strand,1
1359,superiotemporally,superiotemporally,1
1361,tem,tem,1
1362,limus,limus,1
1363,whether,whether,1
1364,lissamine,lissamine,1
1365,sx,sx,1
1366,fewer,fewer,1
1367,va,va,1
1368,variable,variable,1
1369,fiber,fiber,1
1370,fibers,fibers,1
1371,decements,decements,1
1372,ton,ton,1
1373,crescentic,crescentic,1
1374,act,act,1
1375,activity,activity,1
1376,gdd,gdd,1
1377,tipped,tipped,1
1378,lot,lot,1
1379,wpti,wpti,1
1380,psl,psl,1
1381,adequate,adequate,1
1382,vasculature,vasculature,1
1383,eyes,eyes,1
1384,fernlike,fernlike,1
1385,absence,absence,1
1386,embd,embd,1
1387,abnormability,abnormability,1
1388,tween,tween,1
1389,vn,vn,1
1390,underlining,underlining,1
1391,faintly,faintly,1
1392,schafer,schafer,1
1393,embedded,embedded,1
1394,fain,fain,1
1395,trichiasis,trichiasis,1
1396,looking,looking,1
1397,crystaline,crystaline,1
1398,upon,upon,1
1399,trauma,trauma,1
1400,feeding,feeding,1
1401,faded,faded,1
1402,tracts,tracts,1
1403,uptak,uptak,1
1404,feel,feel,1
1405,venting,venting,1
1406,advanced,advanced,1
1407,pbk,pbk,1
1408,lscd,lscd,1
1409,encompassing,encompassing,1
1410,cultures,cultures,1
1411,majority,majority,1
1412,annular,annular,1
1413,first,first,1
1414,far,far,1
1415,losse,losse,1
1416,tell,tell,1
1417,extended,extended,1
1418,macula,macula,1
1419,manipulate,manipulate,1
1420,fixation,fixation,1
1421,flaky,flaky,1
1422,wb,wb,1
1423,curled,curled,1
1424,were,were,1
1425,excavation,excavation,1
1426,current,current,1
1427,defectbut,defectbut,1
1428,debrided,debrided,1
1429,nafl,nafl,1
1430,air,air,1
1431,affected,affected,1
1432,midper,midper,1
1433,lri,lri,1
1434,lashes,lashes,1
1435,age,age,1
1436,meibomian,meibomian,1
1437,elevations,elevations,1
1438,ago,ago,1
1439,linking,linking,1
1440,anesthetic,anesthetic,1
1441,emoved,emoved,1
1442,these,these,1
1443,vis,vis,1
1444,dmfs,dmfs,1
1445,finger,finger,1
1446,amt,amt,1
1447,encompasses,encompasses,1
1448,aesthesiometer,aesthesiometer,1
1449,outpouching,outpouching,1
1450,drawn,drawn,1
1451,standard,standard,1
1452,caliber,caliber,1
1453,ill,ill,1
1454,ca,ca,1
1455,prolonged,prolonged,1
1456,prolapse,prolapse,1
1457,involve,involve,1
1458,projections,projections,1
1459,prohibiting,prohibiting,1
1460,processes,processes,1
1461,process,process,1
1462,oblong,oblong,1
1463,calcified,calcified,1
1464,obscuration,obscuration,1
1465,pretty,pretty,1
1466,disappearing,disappearing,1
1467,presentation,presentation,1
1468,observed,observed,1
1469,color,color,1
1470,dilation,dilation,1
1471,occurred,occurred,1
1472,inability,inability,1
1473,incarcerated,incarcerated,1
1474,coloboma,coloboma,1
1475,incomplete,incomplete,1
1476,positively,positively,1
1477,causing,causing,1
1478,od,od,1
1479,direct,direct,1
1480,protecting,protecting,1
1481,ofloxacin,ofloxacin,1
1482,bulbing,bulbing,1
1483,july,july,1
1484,rectanular,rectanular,1
1485,itself,itself,1
1486,recorded,recorded,1
1487,recipient,recipient,1
1488,neovascular,neovascular,1
1489,confirmed,confirmed,1
1490,reattaching,reattaching,1
1491,reattached,reattached,1
1492,reason,reason,1
1493,really,really,1
1494,his,his,1
1495,configuration,configuration,1
1496,nylons,nylons,1
1497,dendriform,dendriform,1
1498,wnl,wnl,1
1499,nongranulomatous,nongranulomatous,1
1500,quarter,quarter,1
1501,quadrants,quadrants,1
1502,hr,hr,1
1503,noticeable,noticeable,1
1504,punctal,punctal,1
1505,neovas,neovas,1
1506,ptyergium,ptyergium,1
1507,iridescent,iridescent,1
1508,proze,proze,1
1509,collection,collection,1
1510,pools,pools,1
1511,liasion,liasion,1
1512,parralel,parralel,1
1513,circumference,circumference,1
1514,opposed,opposed,1
1515,inferotemp,inferotemp,1
1516,interpalp,interpalp,1
1517,optical,optical,1
1518,clumped,clumped,1
1519,clarity,clarity,1
1520,classic,classic,1
1521,orientation,orientation,1
1522,cleared,cleared,1
1523,os,os,1
1524,infiltratrate,infiltratrate,1
1525,parallel,parallel,1
1526,perhaps,perhaps,1
1527,descmetocele,descmetocele,1
1528,clockwise,clockwise,1
1529,paracentesis,paracentesis,1
1530,palpebral,palpebral,1
1531,clue,clue,1
1532,phaco,phaco,1
1533,descematocele,descematocele,1
1534,outer,outer,1
1535,closer,closer,1
1536,centerally,centerally,1
1537,initially,initially,1
1538,clot,clot,1
1539,perforations,perforations,1
1540,clumps,clumps,1
1541,centralized,centralized,1
1542,chemotic,chemotic,1
1543,pokes,pokes,1
1544,oily,oily,1
1545,pocket,pocket,1
1546,infcentral,infcentral,1
1547,ok,ok,1
1548,inferionasal,inferionasal,1
1549,plaq,plaq,1
1550,checked,checked,1
1551,ctl,ctl,1
1552,diamond,diamond,1
1553,inferiorant,inferiorant,1
1554,imbus,imbus,1
1555,interval,interval,1
1556,inferolateral,inferolateral,1
1557,pieces,pieces,1
1558,vicryl,vicryl,1
1559,picks,picks,1
1560,inferiortemporal,inferiortemporal,1
1561,photophobia,photophobia,1
1562,persists,persists,1
1563,persisting,persisting,1
1564,clusters,clusters,1
1565,opacifying,opacifying,1
1566,inferiotemporally,inferiotemporally,1
1567,cluster,cluster,1
1568,circles,circles,1
1569,highly,highly,1
1570,regular,regular,1
1572,goes,goes,1
1573,slide,slide,1
1574,sle,sle,1
1575,might,might,1
1576,cornealepithelial,cornealepithelial,1
1577,copious,copious,1
1578,because,because,1
1579,dryness,dryness,1
1580,beds,beds,1
1581,glob,glob,1
1582,globe,globe,1
1583,dry,dry,1
1584,drops,drops,1
1585,short,short,1
1586,get,get,1
1587,shifted,shifted,1
1588,control,control,1
1589,dots,dots,1
1590,granularity,granularity,1
1591,minor,minor,1
1592,gray,gray,1
1593,behing,behing,1
1594,separating,separating,1
1595,sensitivity,sensitivity,1
1596,believe,believe,1
1597,ked,ked,1
1598,green,green,1
1599,ghjx,ghjx,1
1600,degraded,degraded,1
1601,month,month,1
1602,speckled,speckled,1
1603,stained,stained,1
1604,bad,bad,1
1605,dye,dye,1
1606,definitive,definitive,1
1607,spotty,spotty,1
1608,frankly,frankly,1
1609,frequently,frequently,1
1610,spokewheel,spokewheel,1
1611,spl,spl,1
1612,degeneration,degeneration,1
1613,spin,spin,1
1614,specks,specks,1
1615,sparse,sparse,1
1616,midline,midline,1
1617,bandaged,bandaged,1
1618,spares,spares,1
1619,micropthalmic,micropthalmic,1
1620,spaces,spaces,1
1621,space,space,1
1622,dumbbell,dumbbell,1
1623,micropuncture,micropuncture,1
1624,software,software,1
1625,soft,soft,1
1626,microscopic,microscopic,1
1627,further,further,1
1628,smoky,smoky,1
1629,monday,monday,1
1630,moorens,moorens,1
1631,her,her,1
1632,conjunctivilazation,conjunctivilazation,1
1633,retro,retro,1
1634,leticule,leticule,1
1635,reticular,reticular,1
1636,nvg,nvg,1
1637,response,response,1
1638,brown,brown,1
1639,resolves,resolves,1
1640,conjuntivalization,conjuntivalization,1
1641,nature,nature,1
1642,represents,represents,1
1643,represent,represent,1
1644,replace,replace,1
1645,bubbling,bubbling,1
1646,revealing,revealing,1
1647,remove,remove,1
1648,nearby,nearby,1
1649,remote,remote,1
1650,heavy,heavy,1
1651,disrupted,disrupted,1
1652,remarkably,remarkably,1
1653,nearing,nearing,1
1654,bulbar,bulbar,1
1655,remained,remained,1
1656,remain,remain,1
1657,delineated,delineated,1
1658,hemorrhage,hemorrhage,1
1659,dissipating,dissipating,1
1660,healded,healded,1
1661,continuing,continuing,1
1663,secure,secure,1
1664,sector,sector,1
1665,secretion,secretion,1
1666,seconds,seconds,1
1667,had,had,1
1668,hair,hair,1
1669,halo,halo,1
1670,hard,hard,1
1671,saw,saw,1
1672,divet,divet,1
1673,scl,scl,1
1674,consolidate,consolidate,1
1675,rusty,rusty,1
1676,riding,riding,1
1677,june,june,1
1678,hazing,hazing,1
1679,rtfbut,rtfbut,1
1680,rounded,rounded,1
1681,dissolving,dissolving,1
1682,rought,rought,1
1683,multifocally,multifocally,1
1684,connects,connects,1
1685,breakdown,breakdown,1
1686,brief,brief,1
1687,rinsed,rinsed,1
1688,right,right,1
1689,overgrowth,overgrowth,1
